{
    "accuracy": 0.9825,
    "f1_macro": 0.8222443429262136,
    "precision_macro": 0.9053571428571429,
    "recall_macro": 0.7686867491270639
}